Audrey,Seymour,
romeo,juliet,
barbie,ken,
gatsby,daisy ,
salt,pepper,
kristoff,sven,
anna,elsa,
coke,pepsi,
ariel,prince eric,
rapunzel,flynn rider,
bonnie,clyde,
tiana,naveen,
clark kent,superman,
batman,robin,
phineas,ferb ,
moon,sun,
ketchup,mustard,
elphaba ,glinda,
chips,salsa,
mario,luigi,
nessa,boq ,
burger,fries,
actor,tech,
hot,cold,
mike wazowski,sully,
snoopy,woodstock ,
woody,buzz lightyear,
timon,pumba,
dory,marlin,
patrick,spongebob,
shrek,fiona,
mac,cheese,
katniss ,peeta,
shaggy,scooby doo,
fire,ice,
kermit,miss piggy ,
lilo,stitch,
tom,jerry,
peter pan,tinkerbell,
jim,pam,
hamilton,burr,
mickey,minnie,
peter parker,MJ,
milk,cereal,
han solo,chewbacca,
C-3PO,R2-D2,
Pooh,piglet,
troy,gabriella,
cat,dog,
socks,shoes,
,,
dr,pepper,
bluey,bingo,
state,thespian,officer
harry,styles,
iphone,android,
flotsam,jetsom,
tik,tok,
nick,charlie,
one,direction,
jeff,buckley,
lana,del,ray
gatsby,daisy,
gold,fish,
donna,sam,
sophie,sky,
hamlet,ophelia,
rory,jess,
gossip ,girl,
serena,blair,
gilmore,girls,
peter,lara jean,
jack,rose,
macbeth,lady macbeth,
huey,dewey,louie
ed,edd,eddy
three,little,pigs
nick,joe,kevin
beyonce,kelly,michelle
luke,lorelai,
alvin,simon,theodore
harry potter,hermione,ron
bubbles,buttercup,blossom
snap,crackle,pop
bert,ernie,
doc,marty McFly,
simba,nala,
aaron pierre,mufasa,
C3PO,R2D2,
deadpool,wolverine,
Beezus,Romona,
hansel,gretel,
Lightning mcqueen ,tow mater,
sherlock,watson,
chandler,joey,
marlin,dory,
rick,morty,
bacon,eggs,
donald duck,daisy duck,
Wile E Coyote,road runner,
bugs,daffy,
lady,tramp,
beauty,the beast,
fox,the hound,
wallace,gromit,
mom,dad,
PB,&J,
Drake,josh,
kirk,spock,
dumb,dumber,
zack,cody,
bed,pillow,
jane,tarzan,
spaghetti,meatballs,
judy hops,nick wilde,
monica,rachel,
campfire,marshmallow,
jekyll,hyde,
joy,sadness,
max,ruby,
tomato soup,grilled cheese,
movies,popcorn,
biscuits,gravy,
taco,tuesdays,
law,order,
barack,michelle obama,
berries,cream,
sheldon,amy,
kobe bryant,shaquille oneal,
bread,butter,
ben,&jerrys,
twenty,one,pilots
gigi hadid,bella hadid,
ash,pikachu,
marky kate ,ashley olsen,
cole sprouse,dylan sprouse,
marshall,lily,
tweedle dee,tweedle dum,
archie,betty,
fried chicken,waffles,
chicken,nugget,
chip,dale,
dan,shay,
hot dog,buns,
lamp ,genie,
mulan,li shang,
mushu ,cricket,
meeko,flit,
rhett,link,
luke skywalker,princess leia,
sandy,danny,
david beckham,victoria beckham,
cory,topanga,
ashley tisdale,vanessa hudgens,
garfield,odie,
olivia,sabrina,
baby,girl,
high,school,musical
anya,dimitri,
mamma,mia,
lion,king,
sweeny,Todd,
hades,town,
dirty,dancing,
moulin,rouge,
shawn,angela,
mix,match,
best,friends,forever
quiet,mouse,
home,alone,
matilda,miss honey,
mo,gretchen,karen
wild,flower,
just,dance,
lions,tigers,bears
dorothy,toto,
time,place,
car,wash,
disney,world,
magic,kingdom,
epcot,ball,
hollywood,studios,
bath,bodyworks,
rubber,ducky,
moana,maui,
hei hei,pua,
snow white,prince charming,
pocahontas,john smith,
oopsy,poopsie,
Jasmine,alladin,
aurora,prince phillip,
pasta,lobster,
silly,goose,
lost, found,
billie,finneas,
diamond,ring,
bell,bottoms,
disco,fever,
tom holland,zendaya,
olive,garden,
nicki,minaj ,
purple,rain,
michael,jackson,
boston,tea,party
mount,everest,
mushnik,son,
hip,hop,
pay,day,
kit,kat,
witch,broom,
pablo,picasso,
bob,ross,
anriana grande,cynthia erivo,
m,&m,
bunny,rabbit,
brother,sister,
yellow,submarine,
stars,night sky,
nail,polish,
soprano,alto,
musical,theatre,
bass,tenor,
show,choir,
topher,ella,
fairy,godmother,
tinker,bell,
water,bottle,
vincent,van gogh,
magic,carpet,
roller,coaster,
shirt,pants,
skate,board,
orange,juice,
sheep,goat,
pig,cow,
farm,evie,
greatest ,showman,
hello,dolly,
santa,fe,
west,side,story
eagles,chiefs,
lavender,haze,
reputation,lover,
folklore,evermore,
watermelon,sugar,
pots,pans,
poet,poem,
edgar,allen,poe
william,shakespeare,
war,eagle,
roll,tide,
thor,hammer,
bend ,& snap,
peggy,angelica,eliza
mosh,pit,
mary,poppins,
step,sisters,
anastasia,drizella,
burger,fries,
remy,linguini,
avacado,toast,
milk,cookies,
heart,break,
cheese,crackers,
merry,christmas,
santa claus,mrs. claus,
thunder,lightning,
fred weasley,george weasley,
hawkeye,BJ,
walle,eve,
charlotte,wilbur,
simon,wilhelm,
bumble,bee,
vanessa,barry,
barry allen,the flash,
felicite,oliver,
oliver queen,green arrow,
peter parker,spiderman,
mr. peabody,sherman,
joy ,sadness,
anger,disgust,
anxiety,fear,
super,bowl,
dance,moms,
mitchell,cam,
gatsby,nick,
jack skellington,sally,
jafar,iago,
gaston,lefou,
rafiki,zazu,
apple,android,
pink,purple,
chips,queso,
thespian,festival,
garbage,can,
legally,blonde,
almost,maine,
pascal,maximus,
steel,magnolias,
Soap,Ghost,
Turbo,Chet,
Paul,John ,
Ladybug,Chat Noir,
Lorax,Oncelor,
Finn,Jake,
Three,Blind,Mice
Gus Gus,Jaq,
Sharkboy,Lavagirl,
fireboy,watergirl,
Viktor,Jace,
jonathan ,groff,
philipa,soo,
toaster,oven,
saturday,sunday,
marceline,princess bubblegum,
white,house,
gumball,darwin,
lock,key,
adam driver,kylo ren,
billie,jean,
cowboy,cowgirl,
mal,evie,
carlos,jane,
harvard,yale,
strawberry,shortcake,
lemon,meringue,
blueberry,muffin,
bagel,cream cheese,
raspberry,tort,
plum,pudding,
orange,blossom,
custard,pupcake,
care,bear,
matthew,gray,gubler
criminal,minds,
good,luck,babe
pink,pony,club
led,zepplin,
strawberry,sunshine,
yoda,mace windhu,
donald glover,childish gambino,
austin,ally,
ross lynch,austin moon,
trish,dez,
valentines,day,
steve rodgers,bucky barnes,
gwen,stacy,
andrew garfield,emma stone,
my,little,pony
john lennon,paul McCartney,
little,miss,sunshine
harry,sally,
channing tatum,magic mike,
marilyn monroe,norma jeane,
donnor,blitzen,rudolph
vixen,comet,cupid
dasher,dancer,prancer
dipper,mabel,
allan,Mr. Boss,
pim,charlie,glep
 Jonathan byers,nancy wheeler,
 mike wheeler,will byers,
lucas sinclair,max mayfield,
Orpheus,Euridice,
Hades,Persephone,
tumble,weed,
ponyboy,sodapop,
facebook,marketplace,
calvin,hobbes,
peppermint patty,marcy,
onika,burgers,
discord,fluttershy,
princess cadence,,shining armor
pal,autoparts,
dynamic,duo,
harry styles,obama,
barber shop,quarter,
rapunzel,flynn rider,
6,7,
Nonchalant ,dreadhead,
seymour,audrey,
alexander,eliza,
tote bag,feminist literature,
matcha,labubu,quarter zip
laufey,clairo,
niche,performative,
arthur morgan,dutch,
jean valjean,fantine,
ginny,georgia,
sophia,dorothy,
rose,blanche,
high five,gene,
whizzer,marvin,trina
tech,acting,
mordecai,rigby,
pinkie pie,,
goofy,goober,
lighting,sound,
4,1,
tyler,the creator,
suite,surrender,
peanut butter,jelly,
yin,yang,
pride,prejudice,
dr pepper,mr pibb,
coke,pepsi,
choir,band,
lana,del ray,
kendrick ,lamar,
celsius,alani,
coffee,tea,
red bull,monster,
pewdiepie,t series,
Shopkins,Lps,
volkswagen,beetle,
credit card,debt,
minecraft,roblox,
reels,tiktok,
alice paul,lucy burns,
duck,dynasty,
Henry VIII,Catherine,
Anne Boleyn,Jane Seymour,
catherine howard,anne of cleves,
toyota,honda,
taco bell,baja blast,
frosty,french fries,
chick fil a,cows,
big thief,adrianne lenker,
alice ,alfred,
latte,americano,
krispy,kreme,
butterfly,moth,
tj maxx,marshalls,
michaels,hobby lobby,
home depot,lowes,
Sea lions,Walrus,
emo,goth,
greasers,socs,
flash,card,
pluto,REAL planet,
salvation army,goodwill,
coca cola,hello,
trisha paytas,queen elizabeth,
technoblade,never dies,
 cop,robber,
123,release 'em,
church,clap,
mr krabs,Pearl,
yo,gurt,
Little Prince,Aviator ,
Beatrice ,Benedick,
Frodo,Sam,
Hyperpigmentation,It's fantastic,
Summer,Tom,
Mia Dolan,Sebastian Wilder,
Wadsworth,Yvette,
Mrs. White,Miss Scarlet,
Mr. Green,Professor Plum,
Mrs. Peacock,Colonel Mustard,
Annie,Sandra,
Chris,Trevor,
Inez Milholland,Ruza Wenclawska,
Doris Stevens,Dudley Malone,
Blookit,Gimkit,
Jimmy Ray,Alice Murphey,
Kuzco,Pacha,
Kronk,Yzma,
Very hungry,Caterpillar,
Twilight ,Spike,
Apple Jack,Rainbow Dash,
Pinkie Pie,Fluttershy,
Rarity,Sweetie Bell,
Scootalo,Apple Bloom,
Sunset Shimmer,Starlight Glimmer,
Princess Celestia,Princess Luna,
Amber,James,
Sophia,Clover,
King Roland,Queen Miranda,
Cedric,Wormwood,
Dora,Diego ,
Sid,Roshan,
Manny,Diego ,
Scrat,Acorn,
Bella,Edward,
Cosette,Marius,
Evan Hansen,Conor Murphy,
Veronica,JD,
Heather Chandler,Veronica Sawyer,
Maria,Tony,
Jenna Ortega,Sabrina Carpenter,
Christine Daae,The Phantom,
Sweeny Todd,Mrs. Lovett,
Jack,The Giant,
Buttercup,Westley,
Annie,Daddy Warbucks,
6,7,
Miss Trunchbull,Matilda,
Violet,Orin,
Beetlejuice,Lydia ,
Cady Heron,Regina George,
Diana Goodman,Dan Goodman,
P.T Barnum,Charity Barnum,
Anne Wheeler,Phillip Carlyle,
Mary Poppins,Bert,
Donkey,Dragon,
Aladdin,Jasmine,
Celie,Shug,
Tony,Riff,
Percy Jackson,Annabeth Chase,
Jo March,Laurie,
Amy March,Beth March,
Meg March,John Brooke,
Frankie,Johnny,
Jenna,Becky,
Ogie,Dawn,
Eliza Schuyler,Angelica Schuyler,
Orin Scrivello,Audrey II,
Elle Woods,Paulette Bonafonté,
Emmett Forrest,Paulette Bonafonté,
Martha Dunnstock,Veronica Sawyer,
Evan Hansen,Heidi Hansen,
Usher,Burrs,
Roxie Hart,Velma Kelly,
Eurydice,Hermes,
Natasha,Anatole,
Pierre,Helene,
Seymour Krelborn,Orin Scrivello,
Pippin,Leading Player,
Jenna Hunterson,Earl,
Maria Reynolds,James Reynolds,
Fantine,Eponine,
Enjolras,Grantaire,
Audrey II,Mushnik,
Christian,Satine,
Katara,Aang,
Jake Sully,Neytiri,
Wednesday Addams,Enid Sinclair,
Eleven,Max,
Steve Harrington,Robin Buckley,
Daphne,Velma,
Barbie,Allan,
Neo,Trinity,
Sandy Cheeks,Pearl,
Squidward,Clarinet,
Po,Tigress,
Hiccup,Toothless,
Megara,Pegasus,
Elsa,Olaf,
Raya,Sisu,
Flynn Rider,Maximus,
Jessie,Bullseye,
Miguel,Dante,
Luca,Alberto,
Olivia Rodrigo,Conan Gray,
Chappell Roan,Midwest Princess,
Harry Styles,Niall Horan,
Beyoncé,Jay-Z,
Elton John,Bernie Taupin,
Lady Gaga,Bradley Cooper,
Billie Eilish,Maggie Baird,
Doja Cat,Ice Spice,
Fleetwood Mac,Stevie Nicks,
The Beatles,Abbey Road,
Laufey,Jazz,
Mitski,Sadness,
Frank Sinatra,Dean Martin,
Waffles,Syrup,
Pancakes,Butter,
Cookies,Milkshake,
Pizza,Ranch,
Pretzel,Cheese Dip,
Donut,Sprinkles,
Ramen,Egg,
Sushi,Wasabi,
Burger,Milkshake,
Fries,Gravy,
Cinnamon,Sugar,
Apples,Caramel,
Ice Cream,Cone,
Pop-Tart,Toaster,
Brownie,Sundae,
Elizabeth Bennet,Charlotte Lucas,
Darcy,Bingley,
Scout Finch,Dill Harris,
Holden Caulfield,Phoebe Caulfield,
Nick Carraway,Jordan Baker,
Sherlock Holmes,Irene Adler,
Alice,White Rabbit,
Peter Pevensie,Edmund Pevensie,
Lucy Pevensie,Mr. Tumnus,
Tiana,Charlotte LaBouff,
Ariel,Flounder,
Simba,Rafiki,
Olaf,Sven,
Stitch,Scrump,
Baymax,Hiro,
Mirabel,Bruno,
Isabela,Luisa,
Remy,Colette,
Frog,Toad,
Sunflower,Bee,
Hot Chocolate,Marshmallow,
Tea,Honey,
Otter,River,
Firefly,Jar,
Swan ,Lake,
Frozone ,Honey,
Shrek,Donkey,
Kung Fu Panda,Noodles,
Moana,Maui,
Elsa,Anna,
Wanda,Vision,
Loki,Thor,
Tony Stark,Pepper Potts,
Peter Quill,Gamora,
Batman,Alfred,
Joker,Harley Quinn,
Scobby,Shaggy,
Marceline,Simon,
Rick Grimes,Michonne,
Darly Dixon,Crossbow,
Peeta Mellark,Bread,
Katniss Everdeen,Primrose,
Barbie,Dreamhouse,
Ken,Mojo Dojo,
Paddington,Marmalade,
Taylor Swift,Eras Tour,
Olivia Rodrigo,Guts,
Harry Styles,Fine Line,
Billie Eilish,Ocean Eyes,
Lana Del Rey,Vinyl,
Chappell Roan,Pink Hat,
Conan Gray,Heathers,
Lorde,Melodrama,
Pheobe Bridgers,Skeleton,
Noah Kahan,Stick Season,
Mitski,Laural Hell,
Laufey,Orchestra,
Adele,Piano,
Frank Ocean,Blonde,
ABBA,Dancing Queen,
Pizza,Garlic Knots,
Fries,Ketchup ,
Macaroni ,Breadcrumbs,
Soup,Spoon,
Ice cream,Hot Fudge,
Pancakes,blueberries,
Donut,Coffee,
Bagel,Lox,
Grilled Cheese,Tomato,
Taco,Lime,
Burrito ,Foil,
Salad,Croutons,
Nachos,Jalapeños ,
Cupcake,Frosting,
Pie,Whipped Cream,
Sunrise,Sunset,
Jane Eyre,Mr. Rochester,
Charlie Bucket,Golden Ticket,
Hester Prynne,Pearl,
Dorian Gray,Portrait,
Vanellope,Glitch,
Hercules,Phil,
Tinker Bell,Pixie Dust,
Bunny,Clover,
Snail,Leaf,
Apollo,Artemis,
Zeus,Hera,
Mufasa ,Scar,
Bambi ,Thumper,
Gandalf,Saruman,
Aragorn,Boromir,
Zuko,Azula,
Severus Snape,Lily Evans,
Coraline ,Wybie Lovat,
Other mother,Other father,
Mr. Incredible,Elastigirl,
Violet Parr,Dash Parr,
Syndrome,Mirage,
Wallace,Gromit,
Shaun The Sheep,Bitzer,
Morticia Addams,Gomez Addams,
Dorothy Gale,Toto,
STO Finley,STO Blake,
STO Savannah,STO Sam,
Jacob,Marlena,
Augustus Gloop,Veruca Salt,
Dallas Winston,Two-bit,
Tweedledee,Tweedledum,
Paddington,Mr. Brown,
Tin Man,Cowardly Lion,
Red Ranger,Blue Ranger,
Yellow Ranger,Pink Ranger,
Leonardo,Raphael,
Michelangelo,Donatello,
Sirius Black,Remus Lupin,
Coriolanus Snow,Lucy Gray Baird,
Miss Marple,Jane Helier,
Nancy Drew,Bess Marvin,
Kiara,Kovu,
Belle,Gaston,
Cogsworth,Lumiere,
Mrs. Potts,Chip,
Robin,Nightwing,
Batgirl,Oracle,
Alfred Pennyworth,Lucius Fox,
Miles Morales,Spider-Gwen,
Luke Skywalker,Obi-Wan Kenobi,
Leia Organa,Han Solo,
Darth Vader,Emperor Palpatine,
Padme Amidala,Anakin Skywalker,
Ashoka Tano ,Rex,
Appa,Momo,
Xanadu,Music,
Queen of Hearts,King of Hearts,
Chesire Cat,White Rabbit,
Gingy,Pinocchio,
Peanut,Cashew,
Almond,Pistachio,
Cinderella,GusGus,
Tim Cheese,John Pork,
Walmart,Target,
Shorts,pants,
Bad Bunny,Superbowl,
Publix,Piggly wiggly,
5 below,dollar tree,
AMC,movies,
sprite ,gingerale,
Train,Conductor ,
Polar bear,iceburg,
Bham,Huntsville,
Chipotle ,Cava,
Starbucks,Dunkin,
Pickleball,Tennis,
McDonalds,Chick fil a ,
Rugby,Football,
Basketball,Volleyball,
Zaxbys,Milos,
Daves Hot Chicken,Waldos,
Cane's,In-n-out,
Jeff Buckley,Yearning,
Fiona Apple,When the pawn...,
The Smiths,Double decker bus,
Hockey,Ice skating,
Roller Skating,80s,
Flipturn,Niche,
Jessie's,Girl,
Suffs,Shaina Taub,
Drivers,License ,
Hair,Lice,
Stage Manager,Cues,
Sound tech,Dante,
Light tech,led,
Crashing,out,
Thrifting,Iced coffee,
Lowkey,Genuinely ,
Les mis,French,
Thespian,Festival,
Tech,Challenge ,